1,Stephen,Adams,sadams0@issuu.com,Portugal
2,Victor,Simpson,vsimpson1@cnet.com,Argentina
3,Joe,Howell,jhowell2@redcross.org,Brazil
4,Carol,Hill,chill3@blogtalkradio.com,Japan
5,Alan,Wagner,awagner4@slashdot.org,Vietnam
6,Ralph,Olson,rolson5@nba.com,Sweden
7,Robert,Stanley,rstanley6@taobao.com,Honduras
8,Linda,Watson,lwatson7@gnu.org,Thailand
9,Jason,Parker,jparker8@usda.gov,Colombia
10,Bruce,Kelly,bkelly9@accuweather.com,Costa Rica
11,Evelyn,Cole,ecolea@tinypic.com,Ukraine
12,Nicole,Harvey,nharveyb@umn.edu,China
13,Theresa,Gibson,tgibsonc@wired.com,Greece
14,Frank,Hunter,fhunterd@edublogs.org,Thailand
15,Larry,Rice,lricee@jiathis.com,Russia
16,Angela,Bryant,abryantf@facebook.com,Indonesia
17,Randy,Turner,rturnerg@miibeian.gov.cn,China
18,Helen,Berry,hberryh@over-blog.com,United States
19,Thomas,Hunter,thunteri@sfgate.com,Czech Republic
20,Joyce,Alexander,jalexanderj@go.com,China
21,Mark,Bailey,mbaileyk@tmall.com,Indonesia
22,Stephen,Fernandez,sfernandezl@nhs.uk,Greece
1,Stephen,Adams,sadams0@issuu.com,Portugal
2,Victor,Simpson,vsimpson1@cnet.com,Argentina
3,Joe,Howell,jhowell2@redcross.org,Brazil
4,Carol,Hill,chill3@blogtalkradio.com,Japan
5,Alan,Wagner,awagner4@slashdot.org,Vietnam
6,Ralph,Olson,rolson5@nba.com,Sweden
7,Robert,Stanley,rstanley6@taobao.com,Honduras
8,Linda,Watson,lwatson7@gnu.org,Thailand
9,Jason,Parker,jparker8@usda.gov,Colombia
10,Bruce,Kelly,bkelly9@accuweather.com,Costa Rica
11,Evelyn,Cole,ecolea@tinypic.com,Ukraine
12,Nicole,Harvey,nharveyb@umn.edu,China
13,Theresa,Gibson,tgibsonc@wired.com,Greece
14,Frank,Hunter,fhunterd@edublogs.org,Thailand
15,Larry,Rice,lricee@jiathis.com,Russia
16,Angela,Bryant,abryantf@facebook.com,Indonesia
17,Randy,Turner,rturnerg@miibeian.gov.cn,China
18,Helen,Berry,hberryh@over-blog.com,United States
19,Thomas,Hunter,thunteri@sfgate.com,Czech Republic
20,Joyce,Alexander,jalexanderj@go.com,China
21,Mark,Bailey,mbaileyk@tmall.com,Indonesia
22,Stephen,Fernandez,sfernandezl@nhs.uk,Greece